{
  "variants": [
    {
      "id": "v1",
      "caption": "Gerçek bir polis memuru olarak 2025'in en gerçekçi şehrinde göreve hazır mısın? Game ile suçluları takip et, tehlikeli araba kovalamacalarına katıl ve şehri güvende tut! 🚨 Hemen indir ve göreve başla!",
      "hashtags": [
        "#policesimulator",
        "#patrolofficer",
        "#carchasegame",
        "#citypatrol",
        "#copsimulator",
        "#lawenforcementgame",
        "#policeduty",
        "#Game",
        "#3DGame",
        "#AksiyonOyunu",
        "#Simülasyon",
        "#SuçlaSavaş"
      ]
    },
    {
      "id": "v2",
      "caption": "Kanunu uygulamak ve şehri suçtan korumak için polis gücüne katıl! Game, seni trafik kontrolünden zorlu üst aramalarına kadar gerçek bir polis memurunun görevlerine çağırıyor. Görev seni bekliyor! 👮‍♂️",
      "hashtags": [
        "#patrolofficer",
        "#policecardriving",
        "#trafficcontrol",
        "#criminalchase",
        "#policemission",
        "#crimesimulator",
        "#Game",
        "#PolisOyunu",
        "#SimülasyonOyunu",
        "#GerçekçiPolis",
        "#Devriye",
        "#OyunTavsiyesi"
      ]
    },
    {
      "id": "v3",
      "caption": "Tehlikeli araba kovalamacaları ve sürpriz görev anonslarıyla dolu Game dünyasına adım at! Devriye aracınla sokak sokak dolaş, şüphelileri durdur ve toplumu güvende tut. Bu aksiyon dolu macerayı kaçırma! 🚓",
      "hashtags": [
        "#copsimulator",
        "#policeduty",
        "#carchasegame",
        "#citypatrol",
        "#lawenforcementgame",
        "#policesimulator",
        "#Game",
        "#PolisSimülasyonu",
        "#Aksiyon",
        "#MobilOyun",
        "#GörevZamanı",
        "#SuçAvı"
      ]
    }
  ]
}