[
  {
    "start": 0.0,
    "end": 0.9341037988229,
    "keyframe": "storage\\c2ee9073\\results\\frames\\scene_01.jpg"
  },
  {
    "start": 0.9341037988229,
    "end": 1.4345165481923106,
    "keyframe": "storage\\c2ee9073\\results\\frames\\scene_02.jpg"
  },
  {
    "start": 1.4345165481923106,
    "end": 8.323532064511198,
    "keyframe": "storage\\c2ee9073\\results\\frames\\scene_03.jpg"
  },
  {
    "start": 8.323532064511198,
    "end": 27.739546740044332,
    "keyframe": "storage\\c2ee9073\\results\\frames\\scene_04.jpg"
  },
  {
    "start": 27.739546740044332,
    "end": 32.99388060842314,
    "keyframe": "storage\\c2ee9073\\results\\frames\\scene_05.jpg"
  },
  {
    "start": 32.99388060842314,
    "end": 38.44837957654972,
    "keyframe": "storage\\c2ee9073\\results\\frames\\scene_06.jpg"
  },
  {
    "start": 38.44837957654972,
    "end": 43.03549644576932,
    "keyframe": "storage\\c2ee9073\\results\\frames\\scene_07.jpg"
  },
  {
    "start": 43.03549644576932,
    "end": 61.25052052281587,
    "keyframe": "storage\\c2ee9073\\results\\frames\\scene_08.jpg"
  },
  {
    "start": 61.25052052281587,
    "end": 66.7383803409004,
    "keyframe": "storage\\c2ee9073\\results\\frames\\scene_09.jpg"
  },
  {
    "start": 66.7383803409004,
    "end": 71.60906443476267,
    "keyframe": "storage\\c2ee9073\\results\\frames\\scene_10.jpg"
  },
  {
    "start": 71.60906443476267,
    "end": 72.74333333333333,
    "keyframe": "storage\\c2ee9073\\results\\frames\\scene_11.jpg"
  }
]