{
  "variants": [
    {
      "id": "v1",
      "caption": "Efsanevi Age of Empires II: HD Edition ile çağları aşın! 👑 Kaynak toplayın, ordular kurun ve düşmanlarınızı yenerek medeniyetinizi zirveye taşıyın, imparatorluğunuzu kurmaya hemen başlayın!",
      "hashtags": [
        "#ageofempires",
        "#rts",
        "#stratejioyunu",
        "#ortaçağ",
        "#empirebuilding",
        "#historicalstrategy",
        "#savaşoyunu",
        "#game",
        "#multiplayer",
        "#ancient",
        "#realtimestrategy"
      ]
    },
    {
      "id": "v2",
      "caption": "Taş Devri'nden Demir Çağı'na ilerleyin, stratejinizi mükemmelleştirin! ⚔️ Age of Empires II: HD Edition'da devasa ordular kurarak düşmanlarınıza üstünlük sağlayın, zaferin tadını çıkarın ve yerinizi alın!",
      "hashtags": [
        "#ageofempires",
        "#medieval",
        "#civilization",
        "#realtimestrategy",
        "#basebuilding",
        "#historygame",
        "#battle",
        "#strategy",
        "#empires",
        "#conquerors",
        "#onlinestrategy"
      ]
    },
    {
      "id": "v3",
      "caption": "Klasikleşen stratejinin modern haliyle tanışın! ✨ Age of Empires II: HD Edition, göz alıcı grafikleriyle sizi Orta Çağ'ın kalbine davet ediyor, kendi mirasınızı inşa etmek için komutanlığa adım atın!",
      "hashtags": [
        "#ageofempires",
        "#medeniyet",
        "#stratejioyunu",
        "#rts",
        "#citybuilding",
        "#steamstrategy",
        "#historicalstrategy",
        "#game",
        "#empire",
        "#ancient",
        "#great",
        "#competitive"
      ]
    }
  ]
}