[
  {
    "start": 0.0,
    "end": 48.54271241830065,
    "keyframe": "storage\\4c68386c\\results\\frames\\scene_01.jpg"
  },
  {
    "start": 48.54271241830065,
    "end": 70.1234154248366,
    "keyframe": "storage\\4c68386c\\results\\frames\\scene_02.jpg"
  },
  {
    "start": 70.1234154248366,
    "end": 72.59215908496732,
    "keyframe": "storage\\4c68386c\\results\\frames\\scene_03.jpg"
  },
  {
    "start": 72.59215908496732,
    "end": 81.69045032679739,
    "keyframe": "storage\\4c68386c\\results\\frames\\scene_04.jpg"
  },
  {
    "start": 81.69045032679739,
    "end": 82.60582718954248,
    "keyframe": "storage\\4c68386c\\results\\frames\\scene_05.jpg"
  },
  {
    "start": 82.60582718954248,
    "end": 83.35477189542483,
    "keyframe": "storage\\4c68386c\\results\\frames\\scene_06.jpg"
  },
  {
    "start": 83.35477189542483,
    "end": 83.9650231372549,
    "keyframe": "storage\\4c68386c\\results\\frames\\scene_07.jpg"
  },
  {
    "start": 83.9650231372549,
    "end": 86.3228120261438,
    "keyframe": "storage\\4c68386c\\results\\frames\\scene_08.jpg"
  },
  {
    "start": 86.3228120261438,
    "end": 88.48643006535947,
    "keyframe": "storage\\4c68386c\\results\\frames\\scene_09.jpg"
  },
  {
    "start": 88.48643006535947,
    "end": 91.95376666666667,
    "keyframe": "storage\\4c68386c\\results\\frames\\scene_10.jpg"
  }
]